repo_name,easy_file,hard_file
pyamg/pyamg,pyamg/krylov/_cgnr.py,pyamg/krylov/_fgmres.py
pyamg/pyamg,pyamg/krylov/_cgne.py,pyamg/krylov/_fgmres.py
pyamg/pyamg,pyamg/krylov/_bicgstab.py,pyamg/krylov/_fgmres.py
mozman/ezdxf,examples/render/dimension_angular.py,src/ezdxf/addons/xqt.py
mozman/ezdxf,src/ezdxf/render/dim_base.py,src/ezdxf/addons/importer.py
mozman/ezdxf,src/ezdxf/render/dim_curved.py,src/ezdxf/addons/browser/browser.py
mozman/ezdxf,src/ezdxf/graphicsfactory.py,src/ezdxf/addons/importer.py
mozman/ezdxf,src/ezdxf/tools/standards.py,src/ezdxf/addons/importer.py
mozman/ezdxf,examples/render/dimension_angular.py,src/ezdxf/addons/browser/browser.py
mozman/ezdxf,src/ezdxf/entities/dxfentity.py,src/ezdxf/addons/importer.py
mozman/ezdxf,src/ezdxf/render/dim_curved.py,src/ezdxf/addons/xqt.py
anselmobd/fo2,src/email_signature/views/views.py,src/lotes/views/lote/conserto_lote.py
anselmobd/fo2,src/cd/views/solicitacoes.py,src/lotes/views/lote/conserto_lote.py
gem/oq-engine,openquake/calculators/export/hazard.py,openquake/risklib/riskmodels.py
gem/oq-engine,openquake/calculators/getters.py,openquake/commonlib/oqzip.py
gem/oq-engine,openquake/calculators/event_based_damage.py,openquake/calculators/preclassical.py
gem/oq-engine,openquake/commands/info.py,openquake/risklib/riskmodels.py
nschloe/meshio,src/meshio/_mesh.py,src/meshio/xdmf/main.py
nschloe/meshio,src/meshio/_mesh.py,src/meshio/stl/_stl.py
Flexget/Flexget,flexget/components/series/cli.py,flexget/components/status/cli.py
Flexget/Flexget,flexget/components/seen/cli.py,flexget/components/status/cli.py
biorack/metatlas,noxfile.py,metatlas/io/targeted_output.py
biorack/metatlas,noxfile.py,metatlas/tools/predict_rt.py
kovidgoyal/kitty,kittens/transfer/receive.py,kitty/options/types.py
kovidgoyal/kitty,kittens/transfer/librsync.py,kitty/options/types.py
kovidgoyal/kitty,kitty/shell_integration.py,kitty/options/definition.py
kovidgoyal/kitty,kittens/transfer/librsync.py,kitty/options/definition.py
kovidgoyal/kitty,kittens/transfer/receive.py,kitty/file_transmission.py
kovidgoyal/kitty,kittens/transfer/librsync.py,kitty/file_transmission.py
kovidgoyal/kitty,kitty/shell_integration.py,kitty/file_transmission.py
kovidgoyal/kitty,kittens/transfer/receive.py,kitty/options/definition.py
kovidgoyal/kitty,kitty/shell_integration.py,kitty/options/types.py
kovidgoyal/kitty,kitty/window_list.py,kitty/rc/set_colors.py
lark-parser/lark,lark/parsers/earley.py,lark/load_grammar.py
naschorr/hawking,code/common/module/discoverable_module.py,code/common/module/module_manager.py
pantsbuild/pants,src/python/pants/backend/docker/rules.py,src/python/pants/backend/docker/docker_build.py
pantsbuild/pants,src/python/pants/backend/docker/goals/package_image.py,src/python/pants/backend/docker/docker_build.py
nedbat/coveragepy,coverage/version.py,coverage/misc.py
nedbat/coveragepy,coverage/cmdline.py,coverage/misc.py
mittagessen/kraken,kraken/lib/codec.py,kraken/lib/train.py
psathyrella/partis,python/plotting.py,python/utils.py
janeczku/calibre-web,cps/editbooks.py,cps/admin.py
okorach/audio-video-tools,mediatools/version.py,mediatools/media_config.py
okorach/audio-video-tools,mediatools/version.py,mediatools/reverse.py
okorach/audio-video-tools,mediatools/version.py,mediatools/encode.py
okorach/audio-video-tools,mediatools/version.py,mediatools/stack.py
south-coast-science/scs_core,src/scs_core/model/gas/vE/gas_request.py,src/scs_core/model/catalogue/term.py
south-coast-science/scs_core,src/scs_core/model/catalogue/model_compendium.py,src/scs_core/model/catalogue/term.py
harrystech/arthur-redshift-etl,setup.py,python/etl/config/__init__.py
harrystech/arthur-redshift-etl,python/etl/monitor.py,python/etl/config/__init__.py
harrystech/arthur-redshift-etl,python/etl/load.py,python/etl/config/__init__.py
